source_row_id,Family,Type,Sub Type,DM Mean (% FM),VS Mean (% FM),VS/DM Mean (% FM),BMP exp Mean (Nm3 CH4/t VS),Biodegradation %,C/N,Carbon Mean (% DM),Hydrogen Mean (% DM),Nitrogen Mean (% DM),Sulfur Mean (% DM),Oxygen Mean (% DM),Cellulose Mean (g/100g DM),Hemicelluloses Mean (g/100g DM),Lignin Mean (g/100g DM),Protein Calculated (% DM),COD Calculated (g COD/g CxHyOz),source_label,BMP_VS,BMP_DM,VS_DM_from_components,BMP_DM_from_components,BMP_DM_reported_ratio_delta,VS_DM_rounding_delta,included_DM_ge_15,complete_model_inputs
1,LCM,Green waste,,80.6,36.9,0.46,63.1,7,29.2,34.5,4.5,1.2,0.3,5.3,31.9,13.8,17.9,2.0,1.3,LCM | Green waste | nan,63.1,29.026000000000003,0.45781637717121587,28.888213399503723,0.0,0.0021836228287841486,True,True
2,MAN,Mix,Manure and Spates,32.1,17.3,0.54,253.4,38,27.2,31.7,4.4,1.2,0.4,16.2,28.7,14.8,52.3,7.3,2.0,MAN | Mix | Manure and Spates,253.4,136.836,0.5389408099688473,136.5676012461059,0.0,0.0010591900311527347,True,True
3,MAN,Poultry,,57.2,35.3,0.62,216.8,49,12.0,28.7,4.0,2.4,0.4,26.2,16.6,13.6,35.4,14.9,1.4,MAN | Poultry | nan,216.8,134.416,0.6171328671328671,133.7944055944056,0.0,0.0028671328671329155,True,True
5,LCM,Bagasse,,56.7,41.2,0.73,250.6,39,297.1,42.8,5.5,0.1,0.1,24.1,32.1,15.7,22.8,0.7,1.3,LCM | Bagasse | nan,250.6,182.938,0.7266313932980599,182.09382716049382,0.0,0.003368606701940058,True,True
7,MAN,Cattle,Straw,45.6,34.2,0.75,131.9,21,51.3,43.5,5.8,0.8,0.3,24.6,25.6,18.2,29.4,5.5,1.2,MAN | Cattle | Straw,131.9,98.92500000000001,0.75,98.92500000000001,0.0,0.0,True,True
8,MAN,Poultry,,75.9,58.0,0.76,263.8,63,15.3,34.7,4.7,2.3,0.6,34.3,16.6,13.6,35.4,14.9,1.4,MAN | Poultry | nan,263.8,200.488,0.764163372859025,201.5862977602108,0.0,-0.004163372859025016,True,True
9,MAN,Cattle,"Straw, after 1 month conservation",17.0,13.0,0.76,198.6,38,29.2,39.5,5.3,1.4,0.7,29.7,18.8,13.6,48.5,8.5,1.6,"MAN | Cattle | Straw, after 1 month conservation",198.6,150.936,0.7647058823529411,151.8705882352941,0.0,-0.004705882352941115,True,True
10,MAN,Turkey,,68.3,52.3,0.77,173.0,37,13.5,36.6,5.1,2.7,0.5,31.6,21.7,21.5,22.8,17.0,1.5,MAN | Turkey | nan,173.0,133.21,0.7657393850658858,132.47291361639824,0.0,0.004260614934114226,True,True
11,LCM,Green waste,,44.6,34.5,0.77,178.2,33,23.9,40.3,5.5,1.7,0.1,29.7,31.9,13.8,17.9,2.0,1.3,LCM | Green waste | nan,178.2,137.214,0.773542600896861,137.84529147982062,0.0,-0.0035426008968609812,True,True
12,LCM,Mix,Green waste,34.4,26.4,0.77,218.9,45,21.9,37.5,5.3,1.7,0.2,31.9,16.8,12.5,50.2,10.7,1.5,LCM | Mix | Green waste,218.9,168.553,0.7674418604651163,167.99302325581397,0.0,0.0025581395348837077,True,True
13,ENSI,Grass,,17.2,13.5,0.78,406.3,70,34.6,42.8,5.8,1.2,0.2,28.2,21.5,11.7,27.1,10.3,1.4,ENSI | Grass | nan,406.3,316.91400000000004,0.7848837209302326,318.89825581395354,0.0,-0.0048837209302325935,True,True
15,LCM,Hemp,Dust,88.1,69.0,0.78,184.4,36,48.5,39.6,5.3,0.8,0.2,32.5,19.5,8.9,28.2,5.1,1.5,LCM | Hemp | Dust,184.4,143.83200000000002,0.7832009080590239,144.42224744608401,0.0,-0.0032009080590238437,True,True
16,MAN,Cattle,Straw,43.1,34.5,0.8,191.3,39,54.2,40.6,4.8,0.7,1.4,32.7,25.6,18.2,29.4,5.5,1.2,MAN | Cattle | Straw,191.3,153.04000000000002,0.8004640371229698,153.12877030162412,0.0,-0.0004640371229697182,True,True
17,MAN,Cattle,Straw,43.1,34.5,0.8,191.4,46,17.2,35.0,5.3,2.0,0.5,37.3,25.6,18.2,29.4,5.5,1.2,MAN | Cattle | Straw,191.4,153.12,0.8004640371229698,153.2088167053364,0.0,-0.0004640371229697182,True,True
18,MAN,Horse,,20.2,16.4,0.81,182.6,41,27.5,39.5,4.5,1.4,0.5,35.2,25.3,14.2,48.7,10.0,1.7,MAN | Horse | nan,182.6,147.906,0.8118811881188118,148.24950495049504,0.0,-0.0018811881188117718,True,True
19,MAN,Horse,,33.2,27.0,0.81,281.2,57,79.1,39.6,5.6,0.5,0.3,35.3,25.3,14.2,48.7,10.0,1.7,MAN | Horse | nan,281.2,227.77200000000002,0.8132530120481927,228.68674698795178,0.0,-0.003253012048192616,True,True
20,MAN,Zoo,,31.3,25.5,0.81,235.3,51,30.8,38.7,5.3,1.3,0.3,35.6,21.9,15.2,38.6,7.8,1.4,MAN | Zoo | nan,235.3,190.59300000000002,0.8146964856230032,191.69808306709268,0.0,-0.004696485623003177,True,True
21,MAN,Poultry,,71.2,58.3,0.82,211.0,49,8.2,36.7,5.6,4.5,0.6,34.4,16.6,13.6,35.4,14.9,1.4,MAN | Poultry | nan,211.0,173.01999999999998,0.8188202247191011,172.77106741573033,0.0,0.0011797752808988538,True,True
22,MAN,Poultry,,49.6,40.5,0.82,185.6,42,15.3,37.7,5.4,2.5,0.7,35.4,16.6,13.6,35.4,14.9,1.4,MAN | Poultry | nan,185.6,152.19199999999998,0.8165322580645161,151.54838709677418,0.0,0.0034677419354838257,True,True
23,MAN,Horse,,31.5,26.0,0.83,250.6,60,13.5,36.2,5.6,2.7,0.6,37.3,25.3,14.2,48.7,10.0,1.7,MAN | Horse | nan,250.6,207.998,0.8253968253968254,206.84444444444443,0.0,0.004603174603174609,True,True
24,MAN,Cattle,Straw,33.7,27.9,0.83,223.8,49,21.2,38.4,5.8,1.8,0.4,36.6,25.6,18.2,29.4,5.5,1.2,MAN | Cattle | Straw,223.8,185.754,0.8278931750741839,185.28249258160238,0.0,0.002106824925816042,True,True
25,MAN,Poultry,,60.3,50.4,0.84,274.1,69,15.5,35.3,5.6,2.3,1.0,39.5,16.6,13.6,35.4,14.9,1.4,MAN | Poultry | nan,274.1,230.244,0.835820895522388,229.09850746268657,0.0,0.004179104477611939,True,True
27,LCM,Flower residue,Pomace,47.1,39.6,0.84,281.1,64,17.6,38.3,5.5,2.2,0.6,37.3,17.1,7.8,17.1,13.6,1.3,LCM | Flower residue | Pomace,281.1,236.12400000000002,0.8407643312101911,236.33885350318474,0.0,-0.0007643312101911492,True,True
28,ENSI,Mix,Grass,54.6,46.6,0.85,253.9,55,25.7,39.7,5.8,1.5,0.3,37.9,21.7,12.3,28.9,9.6,1.4,ENSI | Mix | Grass,253.9,215.815,0.8534798534798534,216.6985347985348,0.0,-0.0034798534798534675,True,True
29,MAN,Horse,,81.6,69.1,0.85,258.2,57,49.6,40.8,5.1,0.8,0.8,37.1,25.3,14.2,48.7,10.0,1.7,MAN | Horse | nan,258.2,219.46999999999997,0.8468137254901961,218.6473039215686,0.0,0.0031862745098039102,True,True
30,MAN,Horse,,34.4,29.1,0.85,308.4,65,55.3,40.9,5.5,0.7,0.4,37.1,25.3,14.2,48.7,10.0,1.7,MAN | Horse | nan,308.4,262.14,0.8459302325581396,260.88488372093025,0.0,0.0040697674418603835,True,True
31,MAN,Pig,,31.6,27.0,0.85,217.8,50,19.5,38.8,5.6,2.0,0.4,38.7,19.6,11.6,36.8,12.4,1.3,MAN | Pig | nan,217.8,185.13,0.8544303797468354,186.09493670886076,0.0,-0.004430379746835467,True,True
32,MAN,Cattle,Straw,16.6,14.3,0.86,236.0,51,30.7,41.8,5.3,1.4,0.2,37.8,25.6,18.2,29.4,5.5,1.2,MAN | Cattle | Straw,236.0,202.96,0.8614457831325301,203.3012048192771,0.0,-0.0014457831325300763,True,True
33,MAN,Mix,Straw,20.9,18.1,0.86,366.0,72,20.1,42.8,6.2,2.1,0.3,35.0,20.2,14.9,28.6,13.8,1.4,MAN | Mix | Straw,366.0,314.76,0.8660287081339714,316.9665071770335,0.0,-0.006028708133971383,True,True
34,SLU,Rabbit,,18.4,15.9,0.86,263.8,55,24.1,41.6,5.9,1.7,0.5,36.7,20.6,13.5,28.6,10.8,1.4,SLU | Rabbit | nan,263.8,226.868,0.8641304347826088,227.9576086956522,0.0,-0.004130434782608772,True,True
35,ENSI,Mix,"Sunflower, Millet, and Guizotia abyssinica",16.7,14.5,0.87,312.7,68,27.6,42.0,5.4,1.5,0.4,37.6,17.3,7.1,26.6,9.5,1.4,"ENSI | Mix | Sunflower, Millet, and Guizotia abyssinica",312.7,272.049,0.8682634730538923,271.5059880239521,0.0,0.0017365269461077082,True,True
36,MAN,Horse,,57.6,50.3,0.87,281.1,62,62.4,40.7,5.7,0.7,0.5,39.8,25.3,14.2,48.7,10.0,1.7,MAN | Horse | nan,281.1,244.55700000000002,0.8732638888888888,245.47447916666667,0.0,-0.003263888888888844,True,True
37,MAN,Cattle,Fern,27.6,24.1,0.87,162.0,33,32.6,43.2,5.6,1.3,0.2,36.9,20.0,14.5,36.3,8.3,1.4,MAN | Cattle | Fern,162.0,140.94,0.8731884057971014,141.45652173913044,0.0,-0.0031884057971014457,True,True
38,MAN,Mix,Straw,22.3,19.4,0.87,346.9,73,18.6,41.1,6.1,2.2,0.3,37.2,20.2,14.9,28.6,13.8,1.4,MAN | Mix | Straw,346.9,301.803,0.8699551569506726,301.7874439461883,0.0,4.484304932739214e-05,True,True
39,LCM,Maize,Beans,42.0,36.4,0.87,246.8,51,165.7,42.8,5.5,0.3,0.8,37.3,33.6,22.7,19.4,1.6,1.4,LCM | Maize | Beans,246.8,214.716,0.8666666666666666,213.89333333333332,0.0,0.0033333333333334103,True,True
40,LCM,Straw,Rapeseed waste,71.9,62.9,0.87,241.4,54,31.1,40.0,5.8,1.3,0.4,40.0,24.5,11.7,23.7,8.1,1.3,LCM | Straw | Rapeseed waste,241.4,210.018,0.8748261474269818,211.1830319888734,0.0,-0.004826147426981842,True,True
41,ENSI,Sorghum,,18.4,16.2,0.88,361.8,79,28.2,42.3,5.6,1.5,0.3,38.5,21.7,10.8,21.1,9.4,1.4,ENSI | Sorghum | nan,361.8,318.384,0.8804347826086957,318.5413043478261,0.0,-0.00043478260869567187,True,True
42,ENSI,Millet and Clover,,29.7,26.0,0.88,275.8,61,21.9,41.4,5.5,1.9,0.6,38.3,29.6,19.1,19.6,9.5,1.3,ENSI | Millet and Clover | nan,275.8,242.704,0.8754208754208754,241.44107744107745,0.0,0.004579124579124572,True,True
43,MAN,Horse,,51.0,44.8,0.88,240.9,57,75.1,39.3,5.6,0.5,0.6,41.8,25.3,14.2,48.7,10.0,1.7,MAN | Horse | nan,240.9,211.99200000000002,0.8784313725490196,211.61411764705883,0.0,0.0015686274509804088,True,True
44,MAN,Cattle,Straw,69.8,61.7,0.88,233.2,55,34.0,40.6,5.2,1.2,0.6,40.9,25.6,18.2,29.4,5.5,1.2,MAN | Cattle | Straw,233.2,205.21599999999998,0.8839541547277938,206.13810888252152,0.0,-0.003954154727793813,True,True
45,MAN,Cattle,Straw,22.8,20.1,0.88,166.9,38,39.2,41.2,5.5,1.1,0.3,40.1,25.6,18.2,29.4,5.5,1.2,MAN | Cattle | Straw,166.9,146.872,0.8815789473684211,147.1355263157895,0.0,-0.0015789473684211242,True,True
46,LCM,Straw,,54.0,47.5,0.88,199.8,42,193.6,43.4,5.4,0.2,0.2,38.7,30.9,18.3,17.0,3.4,1.2,LCM | Straw | nan,199.8,175.824,0.8796296296296297,175.75,0.0,0.00037037037037035425,True,True
47,ENSI,Mix,Vega sorghum variety and San Lucas sunflower variety,21.5,19.1,0.89,286.9,67,25.3,41.5,5.3,1.6,0.3,40.4,24.7,10.1,26.7,10.3,1.3,ENSI | Mix | Vega sorghum variety and San Lucas sunflower variety,286.9,255.34099999999998,0.8883720930232559,254.8739534883721,0.0,0.0016279069767440868,True,True
48,ENSI,Mix,"Sunflower, Millet, and Guizotia abyssinica",17.6,15.7,0.89,318.4,69,30.4,42.8,5.5,1.4,0.2,39.1,17.3,7.1,26.6,9.5,1.4,"ENSI | Mix | Sunflower, Millet, and Guizotia abyssinica",318.4,283.376,0.8920454545454545,284.0272727272727,0.0,-0.0020454545454544615,True,True
49,ENSI,Mix,,18.6,16.5,0.89,337.1,70,32.8,42.5,6.1,1.3,0.2,38.6,22.6,9.2,25.1,8.1,1.4,ENSI | Mix | nan,337.1,300.019,0.8870967741935483,299.0403225806451,0.0,0.002903225806451748,True,True
50,ENSI,Mix,,28.9,25.8,0.89,368.7,81,57.0,41.8,5.8,0.7,0.2,40.7,22.6,9.2,25.1,8.1,1.4,ENSI | Mix | nan,368.7,328.143,0.8927335640138409,329.1508650519031,0.0,-0.002733564013840839,True,True
51,ENSI,Millet and Clover,,15.9,14.1,0.89,374.1,85,26.6,40.6,5.8,1.5,0.2,40.6,29.6,19.1,19.6,9.5,1.3,ENSI | Millet and Clover | nan,374.1,332.949,0.8867924528301886,331.74905660377357,0.0,0.00320754716981142,True,True
52,ENSI,Mix,Sorghum and Maize,32.1,28.4,0.89,315.9,74,51.5,38.7,6.1,0.8,0.3,42.8,22.0,15.4,17.8,4.7,1.2,ENSI | Mix | Sorghum and Maize,315.9,281.151,0.8847352024922117,279.48785046728966,0.0,0.005264797507788299,True,True
53,ENSI,Mix,Moha and Clover,50.3,44.8,0.89,282.5,58,34.9,43.9,6.0,1.3,0.2,37.7,28.4,13.5,19.2,7.9,1.5,ENSI | Mix | Moha and Clover,282.5,251.425,0.8906560636182903,251.610337972167,0.0,-0.0006560636182902924,True,True
54,ENSI,Grass,,27.8,24.7,0.89,264.3,57,25.2,41.5,6.1,1.6,0.2,39.3,21.5,11.7,27.1,10.3,1.4,ENSI | Grass | nan,264.3,235.227,0.8884892086330934,234.8276978417266,0.0,0.001510791366906572,True,True
55,ENSI,Grass,,21.3,18.9,0.89,461.2,100,23.8,41.4,5.9,1.7,0.4,39.2,21.5,11.7,27.1,10.3,1.4,ENSI | Grass | nan,461.2,410.468,0.8873239436619718,409.23380281690135,0.0,0.0026760563380282543,True,True
56,ENSI,Sorghum,,23.6,21.2,0.9,305.3,69,45.0,40.8,6.0,0.9,0.2,41.8,21.7,10.8,21.1,9.4,1.4,ENSI | Sorghum | nan,305.3,274.77000000000004,0.8983050847457626,274.25254237288135,0.0,0.0016949152542373724,True,True
57,ENSI,Mix,"Sorghum, Millet, and Sunflower mix",16.5,14.9,0.9,406.0,87,19.1,43.1,6.0,2.3,0.3,38.8,22.7,12.7,19.4,14.1,1.4,"ENSI | Mix | Sorghum, Millet, and Sunflower mix",406.0,365.40000000000003,0.9030303030303031,366.630303030303,0.0,-0.00303030303030305,True,True
58,ENSI,Mix,"Sorghum (Pacific graze), Millet (Robusta), Vetch (Bingo and Massa), and Clover (Tabor)",26.6,23.9,0.9,269.4,64,27.1,40.3,5.7,1.5,0.2,42.4,30.3,14.2,19.7,9.3,1.3,"ENSI | Mix | Sorghum (Pacific graze), Millet (Robusta), Vetch (Bingo and Massa), and Clover (Tabor)",269.4,242.45999999999998,0.8984962406015037,242.05488721804508,0.0,0.0015037593984963404,True,True
59,ENSI,Sunflower,,15.6,14.1,0.9,290.7,63,44.1,41.7,6.3,0.9,0.2,41.2,20.9,9.1,22.8,5.9,1.4,ENSI | Sunflower | nan,290.7,261.63,0.9038461538461539,262.7480769230769,0.0,-0.0038461538461538325,True,True
60,ENSI,Alfalfa,,69.0,62.4,0.9,271.0,60,26.7,42.9,5.7,1.6,0.2,40.0,23.6,9.2,21.5,10.1,1.4,ENSI | Alfalfa | nan,271.0,243.9,0.9043478260869565,245.0782608695652,0.0,-0.004347826086956497,True,True
61,MAN,Cattle,"After phase separation, Straw",15.3,13.8,0.9,321.9,80,15.8,39.8,5.4,2.5,0.5,41.8,24.5,17.5,26.0,15.7,1.2,"MAN | Cattle | After phase separation, Straw",321.9,289.71,0.9019607843137255,290.3411764705882,0.0,-0.0019607843137254832,True,True
62,MAN,Mix,,15.3,13.8,0.9,243.3,56,21.4,40.9,5.9,1.9,0.3,40.9,19.6,12.8,31.2,12.0,1.3,MAN | Mix | nan,243.3,218.97000000000003,0.9019607843137255,219.44705882352943,0.0,-0.0019607843137254832,True,True
63,CER,Mix,Cereal dust,89.4,80.1,0.9,300.1,66,42.6,41.9,5.8,1.0,0.1,40.8,29.7,21.3,21.4,6.1,1.3,CER | Mix | Cereal dust,300.1,270.09000000000003,0.895973154362416,268.88154362416105,0.0,0.004026845637584042,True,True
64,CER,Mix,Cereal residue,72.0,64.7,0.9,250.2,57,11.4,40.6,6.2,3.6,0.3,39.2,33.3,14.7,16.1,22.3,1.4,CER | Mix | Cereal residue,250.2,225.18,0.8986111111111111,224.8325,0.0,0.001388888888888884,True,True
65,ENSI,Millet,,22.9,20.8,0.91,267.9,61,54.1,42.7,5.3,0.8,0.2,41.9,28.6,17.7,22.3,4.9,1.3,ENSI | Millet | nan,267.9,243.789,0.9082969432314412,243.33275109170307,0.0,0.0017030567685588638,True,True
66,ENSI,Sorghum,,19.8,18.0,0.91,285.6,64,54.5,41.8,6.0,0.8,0.1,42.2,21.7,10.8,21.1,9.4,1.4,ENSI | Sorghum | nan,285.6,259.896,0.9090909090909091,259.6363636363636,0.0,0.0009090909090909705,True,True
67,ENSI,Mix,"Faba bean, Triticale, and Radish",17.5,16.1,0.91,294.3,70,30.2,41.0,5.7,1.4,0.3,43.1,17.5,8.8,18.1,8.5,1.2,"ENSI | Mix | Faba bean, Triticale, and Radish",294.3,267.81300000000005,0.92,270.75600000000003,0.0,-0.010000000000000009,True,True
68,ENSI,Mix,"Peas, Vetch, Oats, and Beans",27.0,24.5,0.91,331.0,67,20.6,45.0,6.1,2.2,0.2,37.4,21.9,10.7,20.2,13.7,1.5,"ENSI | Mix | Peas, Vetch, Oats, and Beans",331.0,301.21000000000004,0.9074074074074074,300.35185185185185,0.0,0.002592592592592591,True,True
69,ENSI,Grass,,23.4,21.3,0.91,403.2,90,29.3,42.9,5.7,1.5,0.3,40.8,21.5,11.7,27.1,10.3,1.4,ENSI | Grass | nan,403.2,366.912,0.9102564102564104,367.0153846153846,0.0,-0.0002564102564103221,True,True
70,ENSI,Grass,,39.9,36.1,0.91,187.2,40,49.5,42.4,6.4,0.9,0.3,40.6,21.5,11.7,27.1,10.3,1.4,ENSI | Grass | nan,187.2,170.352,0.9047619047619049,169.3714285714286,0.0,0.005238095238095153,True,True
71,MAN,Cattle,Straw,27.7,25.1,0.91,257.7,63,45.9,40.3,5.5,0.9,0.2,43.7,25.6,18.2,29.4,5.5,1.2,MAN | Cattle | Straw,257.7,234.507,0.9061371841155236,233.51155234657043,0.0,0.003862815884476456,True,True
72,LCM,Straw,Waste,79.2,71.8,0.91,329.8,72,79.1,42.8,5.8,0.5,0.2,41.4,25.3,24.1,21.3,3.4,1.3,LCM | Straw | Waste,329.8,300.118,0.9065656565656565,298.9853535353535,0.0,0.0034343434343435675,True,True
73,ENSI,Sorghum,,35.9,33.1,0.92,272.6,62,51.7,43.9,5.3,0.8,0.2,42.0,21.7,10.8,21.1,9.4,1.4,ENSI | Sorghum | nan,272.6,250.79200000000003,0.9220055710306407,251.3387186629527,0.0,-0.002005571030640696,True,True
74,ENSI,Sorghum,Sucro variety,15.5,14.3,0.92,351.3,79,25.1,42.6,6.0,1.7,0.2,41.8,25.1,12.1,18.1,10.6,1.3,ENSI | Sorghum | Sucro variety,351.3,323.196,0.9225806451612903,324.1025806451613,0.0,-0.002580645161290307,True,True
75,ENSI,Sorghum,Vega variety,16.1,14.8,0.92,360.4,79,19.5,43.4,5.9,2.2,0.2,39.9,22.8,13.7,20.0,13.9,1.4,ENSI | Sorghum | Vega variety,360.4,331.568,0.9192546583850931,331.29937888198754,0.0,0.0007453416149069136,True,True
76,ENSI,Millet and Clover,,27.1,24.9,0.92,303.7,69,23.3,42.6,5.8,1.8,0.3,41.3,29.6,19.1,19.6,9.5,1.3,ENSI | Millet and Clover | nan,303.7,279.404,0.9188191881918818,279.04538745387447,0.0,0.0011808118081182428,True,True
77,ENSI,Millet and Clover,,27.1,24.9,0.92,285.2,65,31.5,42.9,5.6,1.4,0.2,42.1,29.6,19.1,19.6,9.5,1.3,ENSI | Millet and Clover | nan,285.2,262.384,0.9188191881918818,262.04723247232465,0.0,0.0011808118081182428,True,True
78,ENSI,Mix,"Faba bean, Rye, and Radish",20.3,18.8,0.92,300.1,72,29.4,42.0,5.5,1.4,0.2,43.2,19.6,10.6,22.4,8.9,1.2,"ENSI | Mix | Faba bean, Rye, and Radish",300.1,276.09200000000004,0.9261083743842364,277.9251231527094,0.0,-0.0061083743842363925,True,True
79,SLU,Cattle,,26.3,24.2,0.92,224.1,70,16.0,35.9,5.1,2.2,0.6,48.0,8.7,7.7,38.6,16.1,1.8,SLU | Cattle | nan,224.1,206.172,0.9201520912547528,206.2060836501901,0.0,-0.00015209125475279528,True,True
80,LCM,Bagasse and Straw,,52.2,48.3,0.92,188.1,42,245.9,43.3,5.7,0.2,0.3,43.0,30.1,18.2,17.6,1.1,1.3,LCM | Bagasse and Straw | nan,188.1,173.052,0.925287356321839,174.0465517241379,0.0,-0.005287356321838965,True,True
81,LCM,Straw,Waste,84.5,77.3,0.92,306.0,66,128.8,43.5,5.9,0.3,0.1,41.7,25.3,24.1,21.3,3.4,1.3,LCM | Straw | Waste,306.0,281.52000000000004,0.914792899408284,279.9266272189349,0.0,0.00520710059171603,True,True
82,LCM,Flower residue,Lavender,88.7,81.2,0.92,200.5,42,41.5,45.0,6.0,1.1,0.3,39.3,20.8,12.1,30.8,6.8,1.4,LCM | Flower residue | Lavender,200.5,184.46,0.915445321307779,183.5467869222097,0.0,0.004554678692221037,True,True
83,ENSI,Rye and Vetch,,49.4,45.9,0.93,255.1,62,40.2,42.3,5.3,1.1,0.2,44.1,25.8,15.1,22.1,6.6,1.2,ENSI | Rye and Vetch | nan,255.1,237.243,0.9291497975708503,237.0261133603239,0.0,0.0008502024291497934,True,True
84,CER,Mix,Cereals,87.0,80.6,0.93,313.3,67,12.1,43.3,6.7,3.6,0.2,38.9,50.2,7.9,14.2,9.1,1.3,CER | Mix | Cereals,313.3,291.369,0.9264367816091953,290.2526436781609,0.0,0.0035632183908047566,True,True
85,CER,Mix,Cereals,77.0,71.9,0.93,328.4,73,18.3,43.2,6.4,2.4,0.2,41.3,50.2,7.9,14.2,9.1,1.3,CER | Mix | Cereals,328.4,305.412,0.9337662337662338,306.6488311688312,0.0,-0.003766233766233751,True,True
86,CER,Mix,Silo?s lose,79.8,74.1,0.93,320.4,77,56.2,40.2,6.2,0.7,0.3,45.4,51.6,10.7,18.7,4.5,1.2,CER | Mix | Silo?s lose,320.4,297.972,0.9285714285714285,297.5142857142857,0.0,0.0014285714285715567,True,True
87,LCM,Straw,,75.9,70.4,0.93,305.5,70,102.2,42.9,5.7,0.4,0.2,43.5,30.9,18.3,17.0,3.4,1.2,LCM | Straw | nan,305.5,284.115,0.927536231884058,283.3623188405797,0.0,0.0024637681159420666,True,True
88,LCM,Straw,Waste,83.9,78.2,0.93,283.8,62,119.4,43.6,6.3,0.4,0.2,42.8,25.3,24.1,21.3,3.4,1.3,LCM | Straw | Waste,283.8,263.934,0.9320619785458879,264.519189511323,0.0,-0.002061978545887855,True,True
89,LCM,Straw,Waste,88.8,82.3,0.93,267.0,64,263.7,40.3,6.1,0.2,0.8,45.3,25.3,24.1,21.3,3.4,1.3,LCM | Straw | Waste,267.0,248.31,0.9268018018018018,247.4560810810811,0.0,0.003198198198198221,True,True
90,LCM,Green waste,,37.9,35.2,0.93,212.1,47,136.8,43.4,5.8,0.3,0.6,42.7,31.9,13.8,17.9,2.0,1.3,LCM | Green waste | nan,212.1,197.25300000000001,0.928759894459103,196.98997361477575,0.0,0.0012401055408970407,True,True
91,LCM,Hay,Meadow,86.0,80.4,0.93,289.0,65,51.4,42.6,6.3,0.8,0.1,43.7,26.8,19.9,23.7,5.2,1.3,LCM | Hay | Meadow,289.0,268.77000000000004,0.9348837209302326,270.1813953488372,0.0,-0.0048837209302325935,True,True
92,LCM,Maize,Leaf,37.8,35.0,0.93,286.3,65,56.5,43.2,5.8,0.8,0.1,42.8,25.7,20.8,27.5,4.8,1.3,LCM | Maize | Leaf,286.3,266.259,0.925925925925926,265.0925925925926,0.0,0.004074074074074008,True,True
93,ENSI,Sorghum,,24.7,23.3,0.94,289.8,67,43.3,43.6,5.8,1.0,0.2,43.7,21.7,10.8,21.1,9.4,1.4,ENSI | Sorghum | nan,289.8,272.412,0.9433198380566802,273.3740890688259,0.0,-0.0033198380566802355,True,True
94,ENSI,Rye and Vetch,,28.3,26.7,0.94,284.6,68,58.8,42.8,5.6,0.7,0.2,45.0,25.8,15.1,22.1,6.6,1.2,ENSI | Rye and Vetch | nan,284.6,267.524,0.9434628975265017,268.5095406360424,0.0,-0.0034628975265017514,True,True
95,ENSI,Rapeseed,,18.2,17.2,0.94,432.5,93,79.4,44.4,6.4,0.6,0.5,42.4,25.7,10.2,27.4,3.5,1.4,ENSI | Rapeseed | nan,432.5,406.54999999999995,0.945054945054945,408.7362637362637,0.0,-0.005054945054945081,True,True
96,LCM,Flower residue,Lavender,82.8,78.2,0.94,171.3,37,68.8,44.3,6.3,0.6,0.6,42.6,20.8,12.1,30.8,6.8,1.4,LCM | Flower residue | Lavender,171.3,161.022,0.9444444444444445,161.78333333333336,0.0,-0.004444444444444584,True,True
97,ENSI,Maize,,30.2,28.8,0.95,335.1,75,42.2,43.6,6.5,1.0,0.1,43.9,47.7,11.5,11.4,5.6,1.3,ENSI | Maize | nan,335.1,318.345,0.9536423841059604,319.56556291390734,0.0,-0.0036423841059604056,True,True
98,ENSI,Maize,,32.0,30.3,0.95,301.1,71,37.7,42.2,6.2,1.1,0.3,44.9,47.7,11.5,11.4,5.6,1.3,ENSI | Maize | nan,301.1,286.045,0.946875,285.10406250000005,0.0,0.0031249999999999334,True,True
99,ENSI,Grass,Ray-grass,17.6,16.7,0.95,393.3,87,66.5,44.5,6.0,0.7,0.2,43.1,31.9,14.1,21.9,4.2,1.3,ENSI | Grass | Ray-grass,393.3,373.635,0.9488636363636362,373.18806818181815,0.0,0.001136363636363713,True,True
100,LCM,Straw,Plant residues,88.0,83.9,0.95,277.6,68,60.0,42.2,5.8,0.7,0.3,46.4,28.5,17.5,16.3,4.4,1.2,LCM | Straw | Plant residues,277.6,263.72,0.953409090909091,264.66636363636366,0.0,-0.003409090909091028,True,True
101,LCM,Straw,Plant residues,87.2,83.2,0.95,298.9,69,89.3,42.9,6.2,0.5,0.1,45.6,28.5,17.5,16.3,4.4,1.2,LCM | Straw | Plant residues,298.9,283.955,0.9541284403669725,285.18899082568805,0.0,-0.0041284403669725744,True,True
102,LCM,Straw,Plant residues,86.3,82.3,0.95,280.5,69,68.3,41.5,6.0,0.6,0.2,47.1,28.5,17.5,16.3,4.4,1.2,LCM | Straw | Plant residues,280.5,266.47499999999997,0.9536500579374276,267.4988412514484,0.0,-0.0036500579374276754,True,True
103,LCM,Straw,,86.5,82.2,0.95,277.6,67,64.0,43.0,5.7,0.7,0.1,45.5,30.9,18.3,17.0,3.4,1.2,LCM | Straw | nan,277.6,263.72,0.9502890173410405,263.80023121387285,0.0,-0.0002890173410405872,True,True
104,LCM,Straw,,88.3,84.0,0.95,302.1,72,73.6,42.3,6.0,0.6,0.3,46.0,30.9,18.3,17.0,3.4,1.2,LCM | Straw | nan,302.1,286.995,0.9513023782559457,287.3884484711212,0.0,-0.001302378255945702,True,True
105,LCM,Straw,,90.6,85.8,0.95,240.0,60,406.3,41.2,5.7,0.1,0.8,46.9,30.9,18.3,17.0,3.4,1.2,LCM | Straw | nan,240.0,228.0,0.9470198675496689,227.28476821192055,0.0,0.002980132450331019,True,True
106,LCM,Bagasse,,43.2,40.9,0.95,173.7,39,376.8,44.6,5.9,0.1,0.2,44.0,32.1,15.7,22.8,0.7,1.3,LCM | Bagasse | nan,173.7,165.015,0.9467592592592592,164.45208333333332,0.0,0.0032407407407407662,True,True
107,ENSI,Sorghum,Sucro variety,31.3,29.9,0.96,332.7,79,73.8,43.5,5.8,0.6,0.2,45.6,25.1,12.1,18.1,10.6,1.3,ENSI | Sorghum | Sucro variety,332.7,319.392,0.9552715654952076,317.81884984025555,0.0,0.004728434504792323,True,True
108,ENSI,Maize,,35.2,33.9,0.96,272.1,63,47.5,42.6,6.5,0.9,0.1,46.2,47.7,11.5,11.4,5.6,1.3,ENSI | Maize | nan,272.1,261.216,0.9630681818181817,262.05085227272724,0.0,-0.0030681818181816922,True,True
109,ENSI,Maize,,28.5,27.2,0.96,376.3,89,43.3,43.1,5.9,1.0,0.1,45.4,47.7,11.5,11.4,5.6,1.3,ENSI | Maize | nan,376.3,361.248,0.9543859649122807,359.1354385964912,0.0,0.0056140350877192935,True,True
110,ENSI,Maize,,33.6,32.4,0.96,383.9,85,45.6,44.6,6.4,1.0,0.1,44.4,47.7,11.5,11.4,5.6,1.3,ENSI | Maize | nan,383.9,368.544,0.9642857142857142,370.18928571428563,0.0,-0.004285714285714226,True,True
111,CER,Mix,Cereals,75.6,72.5,0.96,285.9,64,29.4,43.0,6.7,1.5,0.1,44.5,50.2,7.9,14.2,9.1,1.3,CER | Mix | Cereals,285.9,274.46399999999994,0.9589947089947091,274.1765873015873,0.0,0.001005291005290898,True,True
112,LCM,Straw,Plant residues,89.0,85.1,0.96,292.7,70,89.0,42.5,6.1,0.5,0.2,46.4,28.5,17.5,16.3,4.4,1.2,LCM | Straw | Plant residues,292.7,280.99199999999996,0.9561797752808988,279.87382022471905,0.0,0.0038202247191011507,True,True
113,LCM,Straw,,85.0,81.2,0.96,309.7,72,162.8,43.8,5.9,0.3,0.1,45.6,30.9,18.3,17.0,3.4,1.2,LCM | Straw | nan,309.7,297.31199999999995,0.9552941176470588,295.8545882352941,0.0,0.004705882352941115,True,True
114,LCM,Straw,Waste,84.9,81.3,0.96,293.7,67,126.8,44.2,5.9,0.3,0.1,45.2,25.3,24.1,21.3,3.4,1.3,LCM | Straw | Waste,293.7,281.952,0.9575971731448762,281.24628975265017,0.0,0.0024028268551237186,True,True
115,ENSI,Maize,,36.5,35.3,0.97,336.0,82,47.9,41.8,6.4,0.9,0.2,47.4,47.7,11.5,11.4,5.6,1.3,ENSI | Maize | nan,336.0,325.92,0.9671232876712328,324.95342465753424,0.0,0.0028767123287671836,True,True
116,ENSI,Maize,,33.0,32.1,0.97,319.1,73,44.4,44.4,6.4,1.0,0.1,45.4,47.7,11.5,11.4,5.6,1.3,ENSI | Maize | nan,319.1,309.527,0.9727272727272728,310.39727272727276,0.0,-0.0027272727272728003,True,True
117,CER,Maize Residues,Follicle,73.9,71.7,0.97,279.2,64,33.1,43.1,6.8,1.3,0.2,45.6,49.0,10.8,12.0,8.2,1.3,CER | Maize Residues | Follicle,279.2,270.82399999999996,0.9702300405953992,270.88822733423547,0.0,-0.00023004059539921684,True,True
118,CER,Wheat,Contaminated culture,86.2,84.0,0.97,317.7,78,22.9,41.2,6.8,1.8,0.2,47.4,59.3,6.0,5.5,11.3,1.2,CER | Wheat | Contaminated culture,317.7,308.169,0.974477958236659,309.59164733178653,0.0,-0.004477958236658974,True,True
119,CER,Maize,Fresh residue from sweet corn,23.9,23.3,0.97,306.0,71,43.7,43.8,6.4,1.0,0.1,46.3,29.5,16.1,15.4,5.1,1.2,CER | Maize | Fresh residue from sweet corn,306.0,296.82,0.9748953974895398,298.3179916317992,0.0,-0.004895397489539821,True,True
120,LCM,Straw,,87.6,84.6,0.97,274.1,67,77.8,42.7,6.0,0.5,0.3,47.1,30.9,18.3,17.0,3.4,1.2,LCM | Straw | nan,274.1,265.877,0.9657534246575342,264.71301369863016,0.0,0.004246575342465753,True,True
121,LCM,Straw,,88.8,86.0,0.97,290.6,69,132.0,43.0,6.3,0.3,0.1,47.1,30.9,18.3,17.0,3.4,1.2,LCM | Straw | nan,290.6,281.882,0.9684684684684685,281.43693693693695,0.0,0.0015315315315315159,True,True
122,ENSI,Maize,,19.8,19.4,0.98,418.0,90,42.1,46.8,6.3,1.1,0.2,43.4,47.7,11.5,11.4,5.6,1.3,ENSI | Maize | nan,418.0,409.64,0.9797979797979797,409.5555555555555,0.0,0.00020202020202031434,True,True
123,ENSI,Mix,Residue,23.3,22.9,0.98,371.5,81,62.4,45.5,6.6,0.7,0.1,45.1,13.5,9.0,14.0,4.6,1.3,ENSI | Mix | Residue,371.5,364.07,0.982832618025751,365.12231759656646,0.0,-0.002832618025750966,True,True
124,CER,Maize,Fresh residue from sweet corn,24.6,24.2,0.98,314.0,77,53.1,43.5,6.0,0.8,0.1,47.9,29.5,16.1,15.4,5.1,1.2,CER | Maize | Fresh residue from sweet corn,314.0,307.71999999999997,0.9837398373983739,308.8943089430894,0.0,-0.003739837398373913,True,True
125,CER,Maize,Fresh residue from sweet corn,21.9,21.4,0.98,262.7,63,43.3,43.5,6.2,1.0,0.2,46.6,29.5,16.1,15.4,5.1,1.2,CER | Maize | Fresh residue from sweet corn,262.7,257.44599999999997,0.9771689497716894,256.7022831050228,0.0,0.0028310502283105388,True,True
126,CER,Maize,Fresh residue from sweet corn,23.6,23.1,0.98,312.3,69,36.9,44.6,6.7,1.2,0.6,44.7,29.5,16.1,15.4,5.1,1.2,CER | Maize | Fresh residue from sweet corn,312.3,306.05400000000003,0.978813559322034,305.68347457627124,0.0,0.0011864406779660275,True,True
127,CER,Maize,Fresh residue from sweet corn,21.9,21.4,0.98,263.7,60,57.8,44.0,6.7,0.8,0.04,46.4,29.5,16.1,15.4,5.1,1.2,CER | Maize | Fresh residue from sweet corn,263.7,258.426,0.9771689497716894,257.67945205479447,0.0,0.0028310502283105388,True,True
128,CER,Maize,Fresh residue from sweet corn,26.5,26.0,0.98,306.8,71,56.7,43.7,6.7,0.8,0.1,46.9,29.5,16.1,15.4,5.1,1.2,CER | Maize | Fresh residue from sweet corn,306.8,300.664,0.9811320754716981,301.011320754717,0.0,-0.0011320754716981352,True,True
129,CER,Maize,Flour,87.0,85.4,0.98,325.4,80,37.8,41.4,6.8,1.1,0.1,48.8,60.9,7.2,6.2,6.8,1.2,CER | Maize | Flour,325.4,318.892,0.981609195402299,319.4156321839081,0.0,-0.0016091954022989796,True,True
130,LCM,Maize Residue,Cob,28.4,27.7,0.98,272.2,63,497.8,44.1,6.3,0.1,0.1,47.2,29.0,26.0,19.8,0.6,1.2,LCM | Maize Residue | Cob,272.2,266.756,0.9753521126760564,265.49084507042255,0.0,0.004647887323943611,True,True
131,CER,Maize,Fresh residue from sweet corn,26.7,26.3,0.99,335.5,78,49.6,44.6,6.3,0.9,0.1,46.5,29.5,16.1,15.4,5.1,1.2,CER | Maize | Fresh residue from sweet corn,335.5,332.145,0.9850187265917604,330.4737827715356,0.0,0.004981273408239617,True,True
